{
	"system" : {
		"platform" : "windows64",
		"os_name" : "Windows 10",
		"os_version" : "10.0"
	},
	"error" : {
		"executable" : "quartus_map",
		"comment" : "not_applicable",
		"error_message" : "Stack Overflow",
		"source_file" : "unknown",
		"line" : "0",
		"stack_trace" : "\t0x7ffac3fef021: synth_vrfx + 0xbf021 (?ExtractCondition@Net@@QEAAPEAV1@PEAV1@PEAPEAV1@IIAEAVMap@@2@Z + 0x31)\n\t0x7ffac3fef7ba: synth_vrfx + 0xbf7ba (?ExtractCondition@Net@@QEAAPEAV1@PEAV1@PEAPEAV1@IIAEAVMap@@2@Z + 0x7ca)\n\t0x7ffac3fef873: synth_vrfx + 0xbf873 (?ExtractCondition@Net@@QEAAPEAV1@PEAV1@PEAPEAV1@IIAEAVMap@@2@Z + 0x883)\n\t0x7ffac3fef873: synth_vrfx + 0xbf873 (?ExtractCondition@Net@@QEAAPEAV1@PEAV1@PEAPEAV1@IIAEAVMap@@2@Z + 0x883)\n\t0x7ffac3fef873: synth_vrfx + 0xbf873 (?ExtractCondition@Net@@QEAAPEAV1@PEAV1@PEAPEAV1@IIAEAVMap@@2@Z + 0x883)\n\t0x7ffac3fef873: synth_vrfx + 0xbf873 (?ExtractCondition@Net@@QEAAPEAV1@PEAV1@PEAPEAV1@IIAEAVMap@@2@Z + 0x883)\n\t0x7ffac3fef873: synth_vrfx + 0xbf873 (?ExtractCondition@Net@@QEAAPEAV1@PEAV1@PEAPEAV1@IIAEAVMap@@2@Z + 0x883)\n\t0x7ffac3fef873: synth_vrfx + 0xbf873 (?ExtractCondition@Net@@QEAAPEAV1@PEAV1@PEAPEAV1@IIAEAVMap@@2@Z + 0x883)\n\t0x7ffac3fef873: synth_vrfx + 0xbf873 (?ExtractCondition@Net@@QEAAPEAV1@PEAV1@PEAPEAV1@IIAEAVMap@@2@Z + 0x883)\n\t0x7ffac3fef873: synth_vrfx + 0xbf873 (?ExtractCondition@Net@@QEAAPEAV1@PEAV1@PEAPEAV1@IIAEAVMap@@2@Z + 0x883)\n\t0x7ffac3fef873: synth_vrfx + 0xbf873 (?ExtractCondition@Net@@QEAAPEAV1@PEAV1@PEAPEAV1@IIAEAVMap@@2@Z + 0x883)\n\t0x7ffac3fef873: synth_vrfx + 0xbf873 (?ExtractCondition@Net@@QEAAPEAV1@PEAV1@PEAPEAV1@IIAEAVMap@@2@Z + 0x883)\n\t0x7ffac3fef873: synth_vrfx + 0xbf873 (?ExtractCondition@Net@@QEAAPEAV1@PEAV1@PEAPEAV1@IIAEAVMap@@2@Z + 0x883)\n\t0x7ffac3fef873: synth_vrfx + 0xbf873 (?ExtractCondition@Net@@QEAAPEAV1@PEAV1@PEAPEAV1@IIAEAVMap@@2@Z + 0x883)\n\t0x7ffac3fef873: synth_vrfx + 0xbf873 (?ExtractCondition@Net@@QEAAPEAV1@PEAV1@PEAPEAV1@IIAEAVMap@@2@Z + 0x883)\n\t0x7ffac3fef873: synth_vrfx + 0xbf873 (?ExtractCondition@Net@@QEAAPEAV1@PEAV1@PEAPEAV1@IIAEAVMap@@2@Z + 0x883)\n\t0x7ffac3fef873: synth_vrfx + 0xbf873 (?ExtractCondition@Net@@QEAAPEAV1@PEAV1@PEAPEAV1@IIAEAVMap@@2@Z + 0x883)\n\t0x7ffac3fef873: synth_vrfx + 0xbf873 (?ExtractCondition@Net@@QEAAPEAV1@PEAV1@PEAPEAV1@IIAEAVMap@@2@Z + 0x883)\n\t0x7ffac3fef873: synth_vrfx + 0xbf873 (?ExtractCondition@Net@@QEAAPEAV1@PEAV1@PEAPEAV1@IIAEAVMap@@2@Z + 0x883)\n\t0x7ffac3fef873: synth_vrfx + 0xbf873 (?ExtractCondition@Net@@QEAAPEAV1@PEAV1@PEAPEAV1@IIAEAVMap@@2@Z + 0x883)\n\t0x7ffac3fef873: synth_vrfx + 0xbf873 (?ExtractCondition@Net@@QEAAPEAV1@PEAV1@PEAPEAV1@IIAEAVMap@@2@Z + 0x883)\n\t0x7ffac3fef873: synth_vrfx + 0xbf873 (?ExtractCondition@Net@@QEAAPEAV1@PEAV1@PEAPEAV1@IIAEAVMap@@2@Z + 0x883)\n\t0x7ffac3fef873: synth_vrfx + 0xbf873 (?ExtractCondition@Net@@QEAAPEAV1@PEAV1@PEAPEAV1@IIAEAVMap@@2@Z + 0x883)\n\t0x7ffac3fef873: synth_vrfx + 0xbf873 (?ExtractCondition@Net@@QEAAPEAV1@PEAV1@PEAPEAV1@IIAEAVMap@@2@Z + 0x883)\n\t0x7ffac3fef873: synth_vrfx + 0xbf873 (?ExtractCondition@Net@@QEAAPEAV1@PEAV1@PEAPEAV1@IIAEAVMap@@2@Z + 0x883)\n\t0x7ffac3fef873: synth_vrfx + 0xbf873 (?ExtractCondition@Net@@QEAAPEAV1@PEAV1@PEAPEAV1@IIAEAVMap@@2@Z + 0x883)\n\t0x7ffac3fef873: synth_vrfx + 0xbf873 (?ExtractCondition@Net@@QEAAPEAV1@PEAV1@PEAPEAV1@IIAEAVMap@@2@Z + 0x883)\n\t0x7ffac3fef873: synth_vrfx + 0xbf873 (?ExtractCondition@Net@@QEAAPEAV1@PEAV1@PEAPEAV1@IIAEAVMap@@2@Z + 0x883)\n\t0x7ffac3fef873: synth_vrfx + 0xbf873 (?ExtractCondition@Net@@QEAAPEAV1@PEAV1@PEAPEAV1@IIAEAVMap@@2@Z + 0x883)\n\t0x7ffac3fef873: synth_vrfx + 0xbf873 (?ExtractCondition@Net@@QEAAPEAV1@PEAV1@PEAPEAV1@IIAEAVMap@@2@Z + 0x883)\n\t0x7ffac3fef873: synth_vrfx + 0xbf873 (?ExtractCondition@Net@@QEAAPEAV1@PEAV1@PEAPEAV1@IIAEAVMap@@2@Z + 0x883)\n\t0x7ffac3fef873: synth_vrfx + 0xbf873 (?ExtractCondition@Net@@QEAAPEAV1@PEAV1@PEAPEAV1@IIAEAVMap@@2@Z + 0x883)\n\t0x7ffac3fef873: synth_vrfx + 0xbf873 (?ExtractCondition@Net@@QEAAPEAV1@PEAV1@PEAPEAV1@IIAEAVMap@@2@Z + 0x883)\n\t0x7ffac3fef873: synth_vrfx + 0xbf873 (?ExtractCondition@Net@@QEAAPEAV1@PEAV1@PEAPEAV1@IIAEAVMap@@2@Z + 0x883)\n\t0x7ffac3fef873: synth_vrfx + 0xbf873 (?ExtractCondition@Net@@QEAAPEAV1@PEAV1@PEAPEAV1@IIAEAVMap@@2@Z + 0x883)\n\t0x7ffac3fef873: synth_vrfx + 0xbf873 (?ExtractCondition@Net@@QEAAPEAV1@PEAV1@PEAPEAV1@IIAEAVMap@@2@Z + 0x883)\n\t0x7ffac3fef873: synth_vrfx + 0xbf873 (?ExtractCondition@Net@@QEAAPEAV1@PEAV1@PEAPEAV1@IIAEAVMap@@2@Z + 0x883)\n\t0x7ffac3fef873: synth_vrfx + 0xbf873 (?ExtractCondition@Net@@QEAAPEAV1@PEAV1@PEAPEAV1@IIAEAVMap@@2@Z + 0x883)\n\t0x7ffac3fef873: synth_vrfx + 0xbf873 (?ExtractCondition@Net@@QEAAPEAV1@PEAV1@PEAPEAV1@IIAEAVMap@@2@Z + 0x883)\n\t0x7ffac3fef873: synth_vrfx + 0xbf873 (?ExtractCondition@Net@@QEAAPEAV1@PEAV1@PEAPEAV1@IIAEAVMap@@2@Z + 0x883)\n\t0x7ffac3fef873: synth_vrfx + 0xbf873 (?ExtractCondition@Net@@QEAAPEAV1@PEAV1@PEAPEAV1@IIAEAVMap@@2@Z + 0x883)\n\t0x7ffac3fef873: synth_vrfx + 0xbf873 (?ExtractCondition@Net@@QEAAPEAV1@PEAV1@PEAPEAV1@IIAEAVMap@@2@Z + 0x883)\n\t0x7ffac3fef873: synth_vrfx + 0xbf873 (?ExtractCondition@Net@@QEAAPEAV1@PEAV1@PEAPEAV1@IIAEAVMap@@2@Z + 0x883)\n\t0x7ffac3fef873: synth_vrfx + 0xbf873 (?ExtractCondition@Net@@QEAAPEAV1@PEAV1@PEAPEAV1@IIAEAVMap@@2@Z + 0x883)\n\t0x7ffac3fef873: synth_vrfx + 0xbf873 (?ExtractCondition@Net@@QEAAPEAV1@PEAV1@PEAPEAV1@IIAEAVMap@@2@Z + 0x883)\n\t0x7ffac3fef873: synth_vrfx + 0xbf873 (?ExtractCondition@Net@@QEAAPEAV1@PEAV1@PEAPEAV1@IIAEAVMap@@2@Z + 0x883)\n\t0x7ffac3fef873: synth_vrfx + 0xbf873 (?ExtractCondition@Net@@QEAAPEAV1@PEAV1@PEAPEAV1@IIAEAVMap@@2@Z + 0x883)\n\t0x7ffac3fef873: synth_vrfx + 0xbf873 (?ExtractCondition@Net@@QEAAPEAV1@PEAV1@PEAPEAV1@IIAEAVMap@@2@Z + 0x883)\n\t0x7ffac3fef873: synth_vrfx + 0xbf873 (?ExtractCondition@Net@@QEAAPEAV1@PEAV1@PEAPEAV1@IIAEAVMap@@2@Z + 0x883)\n\t0x7ffac3fef873: synth_vrfx + 0xbf873 (?ExtractCondition@Net@@QEAAPEAV1@PEAV1@PEAPEAV1@IIAEAVMap@@2@Z + 0x883)\n\t0x7ffac3fef873: synth_vrfx + 0xbf873 (?ExtractCondition@Net@@QEAAPEAV1@PEAV1@PEAPEAV1@IIAEAVMap@@2@Z + 0x883)\n\t0x7ffac3fef873: synth_vrfx + 0xbf873 (?ExtractCondition@Net@@QEAAPEAV1@PEAV1@PEAPEAV1@IIAEAVMap@@2@Z + 0x883)\n\t0x7ffac3fef873: synth_vrfx + 0xbf873 (?ExtractCondition@Net@@QEAAPEAV1@PEAV1@PEAPEAV1@IIAEAVMap@@2@Z + 0x883)\n\t0x7ffac3fef873: synth_vrfx + 0xbf873 (?ExtractCondition@Net@@QEAAPEAV1@PEAV1@PEAPEAV1@IIAEAVMap@@2@Z + 0x883)\n\t0x7ffac3fef873: synth_vrfx + 0xbf873 (?ExtractCondition@Net@@QEAAPEAV1@PEAV1@PEAPEAV1@IIAEAVMap@@2@Z + 0x883)\n\t0x7ffac3fef873: synth_vrfx + 0xbf873 (?ExtractCondition@Net@@QEAAPEAV1@PEAV1@PEAPEAV1@IIAEAVMap@@2@Z + 0x883)\n\t0x7ffac3fef873: synth_vrfx + 0xbf873 (?ExtractCondition@Net@@QEAAPEAV1@PEAV1@PEAPEAV1@IIAEAVMap@@2@Z + 0x883)\n\t0x7ffac3fef873: synth_vrfx + 0xbf873 (?ExtractCondition@Net@@QEAAPEAV1@PEAV1@PEAPEAV1@IIAEAVMap@@2@Z + 0x883)\n\t0x7ffac3fef873: synth_vrfx + 0xbf873 (?ExtractCondition@Net@@QEAAPEAV1@PEAV1@PEAPEAV1@IIAEAVMap@@2@Z + 0x883)\n\t0x7ffac3fef873: synth_vrfx + 0xbf873 (?ExtractCondition@Net@@QEAAPEAV1@PEAV1@PEAPEAV1@IIAEAVMap@@2@Z + 0x883)\n\t0x7ffac3fef873: synth_vrfx + 0xbf873 (?ExtractCondition@Net@@QEAAPEAV1@PEAV1@PEAPEAV1@IIAEAVMap@@2@Z + 0x883)\n\t0x7ffac3fef873: synth_vrfx + 0xbf873 (?ExtractCondition@Net@@QEAAPEAV1@PEAV1@PEAPEAV1@IIAEAVMap@@2@Z + 0x883)\n\t0x7ffac3fef873: synth_vrfx + 0xbf873 (?ExtractCondition@Net@@QEAAPEAV1@PEAV1@PEAPEAV1@IIAEAVMap@@2@Z + 0x883)\n\t0x7ffac3fef873: synth_vrfx + 0xbf873 (?ExtractCondition@Net@@QEAAPEAV1@PEAV1@PEAPEAV1@IIAEAVMap@@2@Z + 0x883)\n\t0x7ffac3fef873: synth_vrfx + 0xbf873 (?ExtractCondition@Net@@QEAAPEAV1@PEAV1@PEAPEAV1@IIAEAVMap@@2@Z + 0x883)\n\t0x7ffac3fef873: synth_vrfx + 0xbf873 (?ExtractCondition@Net@@QEAAPEAV1@PEAV1@PEAPEAV1@IIAEAVMap@@2@Z + 0x883)\n\t0x7ffac3fef873: synth_vrfx + 0xbf873 (?ExtractCondition@Net@@QEAAPEAV1@PEAV1@PEAPEAV1@IIAEAVMap@@2@Z + 0x883)\n\t0x7ffac3fef873: synth_vrfx + 0xbf873 (?ExtractCondition@Net@@QEAAPEAV1@PEAV1@PEAPEAV1@IIAEAVMap@@2@Z + 0x883)\n\t0x7ffac3fef873: synth_vrfx + 0xbf873 (?ExtractCondition@Net@@QEAAPEAV1@PEAV1@PEAPEAV1@IIAEAVMap@@2@Z + 0x883)\n\t0x7ffac3fef873: synth_vrfx + 0xbf873 (?ExtractCondition@Net@@QEAAPEAV1@PEAV1@PEAPEAV1@IIAEAVMap@@2@Z + 0x883)\n\t0x7ffac3fef873: synth_vrfx + 0xbf873 (?ExtractCondition@Net@@QEAAPEAV1@PEAV1@PEAPEAV1@IIAEAVMap@@2@Z + 0x883)\n\t0x7ffac3fef873: synth_vrfx + 0xbf873 (?ExtractCondition@Net@@QEAAPEAV1@PEAV1@PEAPEAV1@IIAEAVMap@@2@Z + 0x883)\n\t0x7ff",
		"subsystem" : "unknown"
	},
	"quartus" : {
		"quartus_bits" : "64",
		"version" : "16.1.0",
		"build" : "196",
		"edition" : "Lite Edition"
	}
}